{"cameraMode":{"drawMode":0,"name":"Shaded","section":"Shading Mode"},"sceneLighting":true,"audioPlay":false,"sceneViewState":{"m_AlwaysRefresh":false,"showFog":true,"showSkybox":true,"showFlares":true,"showImageEffects":true,"showParticleSystems":true,"showVisualEffectGraphs":true,"m_FxEnabled":true},"in2DMode":false,"pivot":{"x":-0.5458816289901733,"y":4.568649768829346,"z":-10.916133880615235},"rotation":{"x":0.06576473265886307,"y":0.002988947555422783,"z":-0.00019987471750937402,"w":0.9978615045547485},"size":8.054667472839356,"orthographic":true}